-- table material_current --
INSERT INTO "material_current"("name", "display",  "capacity", "alarm", "left", "count", "unit", "batch", "type", "in_use", "machine", "extra") VALUES ('water', '', 9999, 0, '9999', 0, 'ml', 0, 'endless', 1, 'cleaner', NULL);
INSERT INTO "material_current"("name", "display",  "capacity", "alarm", "left", "count", "unit", "batch", "type", "in_use", "machine", "extra") VALUES ('ice', '', 9999, 0, '9999', 0, 'ml', 0, 'endless', 1, 'ice_maker', NULL);
INSERT INTO "material_current"("name", "display",  "capacity", "alarm", "left", "count", "unit", "batch", "type", "in_use", "machine", "extra") VALUES ('bean', 'Coffee Bean', 1000, 5, '1000', 0, 'ml', 1, 'endless', 1, 'coffee_machine', NULL);
INSERT INTO "material_current"("name", "display",  "capacity", "alarm", "left", "count", "unit", "batch", "type", "in_use", "machine", "extra") VALUES ('hot_coffee', 'Coffee of the day', 5000, 500, '5000', 0, 'ml', 1, 'coffee', 1, 'bucket', NULL);
INSERT INTO "material_current"("name", "display",  "capacity", "alarm", "left", "count", "unit", "batch", "type", "in_use", "machine", "extra") VALUES ('espresso', '', 5000, 500, '5000', 0, 'ml', 0, 'coffee', 1, 'coffee_machine', NULL);
INSERT INTO "material_current"("name", "display",  "capacity", "alarm", "left", "count", "unit", "batch", "type", "in_use", "machine", "extra") VALUES ('latte', '', 5000, 500, '5000', 0, 'ml', 0, 'coffee', 1, 'coffee_machine', NULL);
INSERT INTO "material_current"("name", "display",  "capacity", "alarm", "left", "count", "unit", "batch", "type", "in_use", "machine", "extra") VALUES ('hot_milk', 'Milk connected to coffee machine', 5000, 500, '5000', 0, 'ml', 1, 'coffee', 1, 'coffee_machine', NULL);
INSERT INTO "material_current"("name", "display",  "capacity", "alarm", "left", "count", "unit", "batch", "type", "in_use", "machine", "extra") VALUES ('hot_water', '', 9999, 500, '5000', 0, 'ml', 0, 'coffee', 1, 'coffee_machine', NULL);
INSERT INTO "material_current"("name", "display",  "capacity", "alarm", "left", "count", "unit", "batch", "type", "in_use", "machine", "extra") VALUES ('americano', '', 5000, 500, '5000', 0, 'ml', 0, 'coffee', 1, 'coffee_machine', NULL);
INSERT INTO "material_current"("name", "display",  "capacity", "alarm", "left", "count", "unit", "batch", "type", "in_use", "machine", "extra") VALUES ('foam', '', 9999, 0, '9999', 0, 'ml', 0, 'endless', 1, 'foam_machine', NULL);
INSERT INTO "material_current"("name", "display",  "capacity", "alarm", "left", "count", "unit", "batch", "type", "in_use", "machine", "extra") VALUES ('plant_milk', '', 5000, 500, '5000', 0, 'ml', 1, 'milk', 1, 'tap', NULL);
INSERT INTO "material_current"("name", "display",  "capacity", "alarm", "left", "count", "unit", "batch", "type", "in_use", "machine", "extra") VALUES ('fresh_dairy', 'Milk connected to taps', 5000, 500, '5000', 0, 'ml', 1, 'milk', 1, 'tap', NULL);
INSERT INTO "material_current"("name", "display",  "capacity", "alarm", "left", "count", "unit", "batch", "type", "in_use", "machine", "extra") VALUES ('coconut_water', 'Coconut Juice', 5000, 500, '5000', 0, 'ml', 1, 'milk', 1, 'tap', NULL);
INSERT INTO "material_current"("name", "display",  "capacity", "alarm", "left", "count", "unit", "batch", "type", "in_use", "machine", "extra") VALUES ('coconut_milk', 'Coconut Milk', 5000, 500, '5000', 0, 'ml', 1, 'milk', 1, 'tap', NULL);
INSERT INTO "material_current"("name", "display",  "capacity", "alarm", "left", "count", "unit", "batch", "type", "in_use", "machine", "extra") VALUES ('vanilla_syrup', 'Vanilla Syrup', 5000, 500, '5000', 0, 'ml', 1, 'treacle', 1, 'tap', NULL);
INSERT INTO "material_current"("name", "display",  "capacity", "alarm", "left", "count", "unit", "batch", "type", "in_use", "machine", "extra") VALUES ('chocolate_syrup', 'Chocolate Milk', 5000, 500, '5000', 0, 'ml', 1, 'treacle', 1, 'tap', NULL);
INSERT INTO "material_current"("name", "display",  "capacity", "alarm", "left", "count", "unit", "batch", "type", "in_use", "machine", "extra") VALUES ('sea_salt_foam', 'Sea Salt Foam', 5000, 500, '5000', 0, 'ml', 1, 'treacle', 1, 'tap', NULL);
INSERT INTO "material_current"("name", "display",  "capacity", "alarm", "left", "count", "unit", "batch", "type", "in_use", "machine", "extra") VALUES ('green_tea_syrup', 'Matcha Liquid', 5000, 500, '5000', 0, 'ml', 1, 'treacle', 1, 'tap', NULL);
INSERT INTO "material_current"("name", "display",  "capacity", "alarm", "left", "count", "unit", "batch", "type", "in_use", "machine", "extra") VALUES ('cold_coffee', 'Cold Brew Coffee', 5000, 500, '5000', 0, 'ml', 1, 'coffee', 1, 'tap', NULL);
INSERT INTO "material_current"("name", "display",  "capacity", "alarm", "left", "count", "unit", "batch", "type", "in_use", "machine", "extra") VALUES ('sugar_power', '', 5000, 500, '5000', 0, 'ml', 0, 'power', 1, 'power_box', NULL);
INSERT INTO "material_current"("name", "display",  "capacity", "alarm", "left", "count", "unit", "batch", "type", "in_use", "machine", "extra") VALUES ('hot_cup', 'Hot Drink Cup', 500, 2, '500', 0, 'pcs', 1, 'cup', 1, 'cup', NULL);
INSERT INTO "material_current"("name", "display",  "capacity", "alarm", "left", "count", "unit", "batch", "type", "in_use", "machine", "extra") VALUES ('cold_cup', 'Cold Drink Cup', 500, 2, '500', 0, 'pcs', 1, 'cup', 1, 'cup', NULL);
INSERT INTO "material_current"("name", "display",  "capacity", "alarm", "left", "count", "unit", "batch", "type", "in_use", "machine", "extra") VALUES ('vanilla_cream', 'Coconut Milk', 5000, 50, '5000', 4, 'ml', 1, 'milk', 1, 'tap', NULL);

-- table machine_config --
INSERT INTO "machine_config"("name", "machine", "num", "gpio", "arduino_write", "arduino_read", "speed", "delay_time", "type") VALUES ('espresso', 'coffee_machine', 0, NULL, NULL, NULL, NULL, NULL, NULL);
INSERT INTO "machine_config"("name", "machine", "num", "gpio", "arduino_write", "arduino_read", "speed", "delay_time", "type") VALUES ('latte', 'coffee_machine', 0, NULL, NULL, NULL, NULL, NULL, NULL);
INSERT INTO "machine_config"("name", "machine", "num", "gpio", "arduino_write", "arduino_read", "speed", "delay_time", "type") VALUES ('hot_milk', 'coffee_machine', 0, NULL, NULL, NULL, NULL, NULL, NULL);
INSERT INTO "machine_config"("name", "machine", "num", "gpio", "arduino_write", "arduino_read", "speed", "delay_time", "type") VALUES ('hot_water', 'coffee_machine', 0, NULL, NULL, NULL, NULL, NULL, NULL);
INSERT INTO "machine_config"("name", "machine", "num", "gpio", "arduino_write", "arduino_read", "speed", "delay_time", "type") VALUES ('americano', 'bucket', 0, NULL, NULL, NULL, NULL, NULL, NULL);
INSERT INTO "machine_config"("name", "machine", "num", "gpio", "arduino_write", "arduino_read", "speed", "delay_time", "type") VALUES ('tazo', 'bucket', 1, NULL, NULL, NULL, NULL, NULL, NULL);
INSERT INTO "machine_config"("name", "machine", "num", "gpio", "arduino_write", "arduino_read", "speed", "delay_time", "type") VALUES ('foam', 'foam_machine', 0, NULL, NULL, NULL, NULL, NULL, NULL);
INSERT INTO "machine_config"("name", "machine", "num", "gpio", "arduino_write", "arduino_read", "speed", "delay_time", "type") VALUES ('sea_salt_foam', 'tap', 4, NULL, '4', NULL, NULL, '10', 'time');
INSERT INTO "machine_config"("name", "machine", "num", "gpio", "arduino_write", "arduino_read", "speed", "delay_time", "type") VALUES ('coconut_water', 'tap', 8, NULL, '8', '1', NULL, NULL, 'volume');
INSERT INTO "machine_config"("name", "machine", "num", "gpio", "arduino_write", "arduino_read", "speed", "delay_time", "type") VALUES ('coconut_milk', 'tap', 8, NULL, '8', '1', NULL, NULL, 'volume');
INSERT INTO "machine_config"("name", "machine", "num", "gpio", "arduino_write", "arduino_read", "speed", "delay_time", "type") VALUES ('vanilla_cream', 'tap', 8, NULL, '8', '1', NULL, NULL, 'volume');
INSERT INTO "machine_config"("name", "machine", "num", "gpio", "arduino_write", "arduino_read", "speed", "delay_time", "type") VALUES ('fresh_dairy', 'tap', 3, NULL, '3', '4', NULL, NULL, 'volume');
INSERT INTO "machine_config"("name", "machine", "num", "gpio", "arduino_write", "arduino_read", "speed", "delay_time", "type") VALUES ('chocolate_syrup', 'tap', 7, NULL, '7', '0', NULL, NULL, 'volume');
INSERT INTO "machine_config"("name", "machine", "num", "gpio", "arduino_write", "arduino_read", "speed", "delay_time", "type") VALUES ('green_tea_syrup', 'tap', 6, NULL, '6', '3', NULL, NULL, 'volume');
INSERT INTO "machine_config"("name", "machine", "num", "gpio", "arduino_write", "arduino_read", "speed", "delay_time", "type") VALUES ('cold_coffee', 'tap', 5, NULL, '5', '2', NULL, NULL, 'volume');
INSERT INTO "machine_config"("name", "machine", "num", "gpio", "arduino_write", "arduino_read", "speed", "delay_time", "type") VALUES ('vanilla_syrup', 'tap', 2, NULL, '2', '5', NULL, NULL, 'volume');
INSERT INTO "machine_config"("name", "machine", "num", "gpio", "arduino_write", "arduino_read", "speed", "delay_time", "type") VALUES ('cold_cup', 'cup', 0, NULL, NULL, '6', NULL, NULL, NULL);
INSERT INTO "machine_config"("name", "machine", "num", "gpio", "arduino_write", "arduino_read", "speed", "delay_time", "type") VALUES ('hot_cup', 'cup', 1, NULL, NULL, '7', NULL, NULL, NULL);
INSERT INTO "machine_config"("name", "machine", "num", "gpio", "arduino_write", "arduino_read", "speed", "delay_time", "type") VALUES ('sugar_power', 'power_box', 0, NULL, NULL, NULL, NULL, NULL, NULL);

-- table formula --
INSERT INTO "formula"("name", "cup", "with_ice", "type", "in_use") VALUES ('Latte', 'Medium Cup', '0', 'hot', 1);
INSERT INTO "formula"("name", "cup", "with_ice", "type", "in_use") VALUES ('Iced Latte', 'Medium Cup', '1', 'cold', 1);
INSERT INTO "formula"("name", "cup", "with_ice", "type", "in_use") VALUES ('Espresso', 'Medium Cup', '0', 'hot', 1);
INSERT INTO "formula"("name", "cup", "with_ice", "type", "in_use") VALUES ('Cold Brew Coffee', 'Medium Cup', '1', 'cold', 1);
INSERT INTO "formula"("name", "cup", "with_ice", "type", "in_use") VALUES ('Vanilla Sweet Cream Cold Brew', 'Medium Cup', '1', 'cold', 1);
INSERT INTO "formula"("name", "cup", "with_ice", "type", "in_use") VALUES ('Sea Salt Milk Cap Cold Brew Coffee', 'Medium Cup', '1', 'cold', 1);
INSERT INTO "formula"("name", "cup", "with_ice", "type", "in_use") VALUES ('Iced Americano', 'Medium Cup', '1', 'cold', 1);
INSERT INTO "formula"("name", "cup", "with_ice", "type", "in_use") VALUES ('Americano', 'Medium Cup', '0', 'hot', 1);
INSERT INTO "formula"("name", "cup", "with_ice", "type", "in_use") VALUES ('Cappuccino', 'Medium Cup', '0', 'hot', 1);
INSERT INTO "formula"("name", "cup", "with_ice", "type", "in_use") VALUES ('Hot Milk', 'Medium Cup', '0', 'hot', 1);
INSERT INTO "formula"("name", "cup", "with_ice", "type", "in_use") VALUES ('Matcha Latte', 'Medium Cup', '0', 'hot', 1);
INSERT INTO "formula"("name", "cup", "with_ice", "type", "in_use") VALUES ('Chocolate Milk', 'Medium Cup', '1', 'cold', 1);
INSERT INTO "formula"("name", "cup", "with_ice", "type", "in_use") VALUES ('Hot Water', 'Medium Cup', '0', 'hot', 1);
INSERT INTO "formula"("name", "cup", "with_ice", "type", "in_use") VALUES ('Raw Coconut Latte', 'Medium Cup', '1', 'cold', 1);
INSERT INTO "formula"("name", "cup", "with_ice", "type", "in_use") VALUES ('Iced Thick Coconut Latte', 'Medium Cup', '1', 'cold', 1);
INSERT INTO "formula"("name", "cup", "with_ice", "type", "in_use") VALUES ('Hot Thick Coconut Latte', 'Medium Cup', '0', 'hot', 1);
INSERT INTO "formula"("name", "cup", "with_ice", "type", "in_use") VALUES ('Iced Cappuccino', 'Medium Cup', '1', 'cold', 1);
INSERT INTO "formula"("name", "cup", "with_ice", "type", "in_use") VALUES ('Iced Matcha Latte', 'Medium Cup', '1', 'cold', 1);
INSERT INTO "formula"("name", "cup", "with_ice", "type", "in_use") VALUES ('Espresso Double', 'Medium Cup', '0', 'hot', 1);

-- IPO Event Formulas --
INSERT INTO "formula"("name", "cup", "with_ice", "type", "in_use") VALUES ('Paper plane with sugar rim', 'Medium Cup', '0', 'cold', 1);
INSERT INTO "formula"("name", "cup", "with_ice", "type", "in_use") VALUES ('Cosmopolitan', 'Medium Cup', '0', 'cold', 1);
INSERT INTO "formula"("name", "cup", "with_ice", "type", "in_use") VALUES ('Cranberry whiskey sour with sugar rim', 'Medium Cup', '0', 'cold', 1);
INSERT INTO "formula"("name", "cup", "with_ice", "type", "in_use") VALUES ('Vodka screwdriver', 'Medium Cup', '0', 'cold', 1);
INSERT INTO "formula"("name", "cup", "with_ice", "type", "in_use") VALUES ('Orange juice', 'Medium Cup', '0', 'cold', 1);
INSERT INTO "formula"("name", "cup", "with_ice", "type", "in_use") VALUES ('Cranberry juice', 'Medium Cup', '0', 'cold', 1);

--Beer Event Formulas --
INSERT INTO "formula"("name", "cup", "with_ice", "type", "in_use") VALUES ('Beer A', 'Medium Cup', '0', 'cold', 1);
INSERT INTO "formula"("name", "cup", "with_ice", "type", "in_use") VALUES ('Beer B', 'Medium Cup', '0', 'cold', 1);
INSERT INTO "formula"("name", "cup", "with_ice", "type", "in_use") VALUES ('Double Beer', 'Medium Cup', '0', 'cold', 1);
INSERT INTO "formula"("name", "cup", "with_ice", "type", "in_use") VALUES ('Double Beer A', 'Medium Cup', '0', 'cold', 1);
INSERT INTO "formula"("name", "cup", "with_ice", "type", "in_use") VALUES ('Double Beer B', 'Medium Cup', '0', 'cold', 1);

-- table composition --
INSERT INTO "composition"("formula", "cup", "material", "count", "extra") VALUES ('Latte', 'Medium Cup', 'latte', 60, '');
INSERT INTO "composition"("formula", "cup", "material", "count", "extra") VALUES ('Latte', 'Medium Cup', 'foam', 1, '{"foam_composition"\:{"fresh_dairy"\:300}, "foam_time"\:30}');
INSERT INTO "composition"("formula", "cup", "material", "count", "extra") VALUES ('Latte', 'Medium Cup', 'hot_cup', 1, '');
INSERT INTO "composition"("formula", "cup", "material", "count", "extra") VALUES ('Iced Latte', 'Medium Cup', 'espresso', 60, '');
INSERT INTO "composition"("formula", "cup", "material", "count", "extra") VALUES ('Iced Latte', 'Medium Cup', 'ice', 30, '');
INSERT INTO "composition"("formula", "cup", "material", "count", "extra") VALUES ('Iced Latte', 'Medium Cup', 'cold_cup', 1, '');
INSERT INTO "composition"("formula", "cup", "material", "count", "extra") VALUES ('Iced Latte', 'Medium Cup', 'fresh_dairy', 300, '');
INSERT INTO "composition"("formula", "cup", "material", "count", "extra") VALUES ('Espresso', 'Medium Cup', 'espresso', 45, '');
INSERT INTO "composition"("formula", "cup", "material", "count", "extra") VALUES ('Espresso', 'Medium Cup', 'hot_cup', 1, '');
INSERT INTO "composition"("formula", "cup", "material", "count", "extra") VALUES ('Cold Brew Coffee', 'Medium Cup', 'cold_coffee', 420, '');
INSERT INTO "composition"("formula", "cup", "material", "count", "extra") VALUES ('Cold Brew Coffee', 'Medium Cup', 'ice', 30, '');
INSERT INTO "composition"("formula", "cup", "material", "count", "extra") VALUES ('Cold Brew Coffee', 'Medium Cup', 'cold_cup', 1, '');
INSERT INTO "composition"("formula", "cup", "material", "count", "extra") VALUES ('Vanilla Sweet Cream Cold Brew', 'Medium Cup', 'cold_coffee', 260, '');
INSERT INTO "composition"("formula", "cup", "material", "count", "extra") VALUES ('Vanilla Sweet Cream Cold Brew', 'Medium Cup', 'vanilla_cream', 100, '');
INSERT INTO "composition"("formula", "cup", "material", "count", "extra") VALUES ('Vanilla Sweet Cream Cold Brew', 'Medium Cup', 'vanilla_syrup', 1, '');
INSERT INTO "composition"("formula", "cup", "material", "count", "extra") VALUES ('Vanilla Sweet Cream Cold Brew', 'Medium Cup', 'ice', 30, '');
INSERT INTO "composition"("formula", "cup", "material", "count", "extra") VALUES ('Vanilla Sweet Cream Cold Brew', 'Medium Cup', 'cold_cup', 1, '');
INSERT INTO "composition"("formula", "cup", "material", "count", "extra") VALUES ('Sea Salt Milk Cap Cold Brew Coffee', 'Medium Cup', 'cold_coffee', 500, '');
INSERT INTO "composition"("formula", "cup", "material", "count", "extra") VALUES ('Sea Salt Milk Cap Cold Brew Coffee', 'Medium Cup', 'sea_salt_foam', 400, '');
INSERT INTO "composition"("formula", "cup", "material", "count", "extra") VALUES ('Sea Salt Milk Cap Cold Brew Coffee', 'Medium Cup', 'ice', 30, '');
INSERT INTO "composition"("formula", "cup", "material", "count", "extra") VALUES ('Sea Salt Milk Cap Cold Brew Coffee', 'Medium Cup', 'cold_cup', 1, '');
INSERT INTO "composition"("formula", "cup", "material", "count", "extra") VALUES ('Iced Americano', 'Medium Cup', 'americano', 320, '');
INSERT INTO "composition"("formula", "cup", "material", "count", "extra") VALUES ('Iced Americano', 'Medium Cup', 'ice', 30, '');
INSERT INTO "composition"("formula", "cup", "material", "count", "extra") VALUES ('Iced Americano', 'Medium Cup', 'cold_cup', 1, '');
INSERT INTO "composition"("formula", "cup", "material", "count", "extra") VALUES ('Americano', 'Medium Cup', 'americano', 320, '');
INSERT INTO "composition"("formula", "cup", "material", "count", "extra") VALUES ('Americano', 'Medium Cup', 'hot_cup', 1, '');
INSERT INTO "composition"("formula", "cup", "material", "count", "extra") VALUES ('Cappuccino', 'Medium Cup', 'espresso', 60, '');
INSERT INTO "composition"("formula", "cup", "material", "count", "extra") VALUES ('Cappuccino', 'Medium Cup', 'foam', 1, '{"foam_composition"\:{"fresh_dairy"\:175}, "foam_time"\:32}');
INSERT INTO "composition"("formula", "cup", "material", "count", "extra") VALUES ('Cappuccino', 'Medium Cup', 'hot_cup', 1, '');
INSERT INTO "composition"("formula", "cup", "material", "count", "extra") VALUES ('Hot Milk', 'Medium Cup', 'hot_milk', 320, '');
INSERT INTO "composition"("formula", "cup", "material", "count", "extra") VALUES ('Hot Milk', 'Medium Cup', 'hot_cup', 1, '');
INSERT INTO "composition"("formula", "cup", "material", "count", "extra") VALUES ('Matcha Latte', 'Medium Cup', 'hot_milk', 320, '');
INSERT INTO "composition"("formula", "cup", "material", "count", "extra") VALUES ('Matcha Latte', 'Medium Cup', 'foam', 1, '{"foam_composition"\:{"green_tea_syrup"\:400}, "foam_time"\:40}');
INSERT INTO "composition"("formula", "cup", "material", "count", "extra") VALUES ('Matcha Latte', 'Medium Cup', 'hot_cup', 1, '');
INSERT INTO "composition"("formula", "cup", "material", "count", "extra") VALUES ('Chocolate Milk', 'Medium Cup', 'chocolate_syrup', 420, '');
INSERT INTO "composition"("formula", "cup", "material", "count", "extra") VALUES ('Chocolate Milk', 'Medium Cup', 'vanilla_syrup', 1, '');
INSERT INTO "composition"("formula", "cup", "material", "count", "extra") VALUES ('Chocolate Milk', 'Medium Cup', 'ice', 30, '');
INSERT INTO "composition"("formula", "cup", "material", "count", "extra") VALUES ('Chocolate Milk', 'Medium Cup', 'cold_cup', 1, '');
INSERT INTO "composition"("formula", "cup", "material", "count", "extra") VALUES ('Hot Water', 'Medium Cup', 'hot_water', 320, '');
INSERT INTO "composition"("formula", "cup", "material", "count", "extra") VALUES ('Hot Water', 'Medium Cup', 'hot_cup', 1, '');
INSERT INTO "composition"("formula", "cup", "material", "count", "extra") VALUES ('Raw Coconut Latte', 'Medium Cup', 'espresso', 60, '');
INSERT INTO "composition"("formula", "cup", "material", "count", "extra") VALUES ('Raw Coconut Latte', 'Medium Cup', 'coconut_water', 150, '');
INSERT INTO "composition"("formula", "cup", "material", "count", "extra") VALUES ('Raw Coconut Latte', 'Medium Cup', 'sugar_power', 1, '');
INSERT INTO "composition"("formula", "cup", "material", "count", "extra") VALUES ('Raw Coconut Latte', 'Medium Cup', 'ice', 30, '');
INSERT INTO "composition"("formula", "cup", "material", "count", "extra") VALUES ('Raw Coconut Latte', 'Medium Cup', 'cold_cup', 1, '');
INSERT INTO "composition"("formula", "cup", "material", "count", "extra") VALUES ('Iced Thick Coconut Latte', 'Medium Cup', 'espresso', 60, '');
INSERT INTO "composition"("formula", "cup", "material", "count", "extra") VALUES ('Iced Thick Coconut Latte', 'Medium Cup', 'coconut_milk', 50, '');
INSERT INTO "composition"("formula", "cup", "material", "count", "extra") VALUES ('Iced Thick Coconut Latte', 'Medium Cup', 'fresh_dairy', 100, '');
INSERT INTO "composition"("formula", "cup", "material", "count", "extra") VALUES ('Iced Thick Coconut Latte', 'Medium Cup', 'sugar_power', 1, '');
INSERT INTO "composition"("formula", "cup", "material", "count", "extra") VALUES ('Iced Thick Coconut Latte', 'Medium Cup', 'ice', 30, '');
INSERT INTO "composition"("formula", "cup", "material", "count", "extra") VALUES ('Iced Thick Coconut Latte', 'Medium Cup', 'cold_cup', 1, '');
INSERT INTO "composition"("formula", "cup", "material", "count", "extra") VALUES ('Hot Thick Coconut Latte', 'Medium Cup', 'espresso', 60, '');
INSERT INTO "composition"("formula", "cup", "material", "count", "extra") VALUES ('Hot Thick Coconut Latte', 'Medium Cup', 'foam', 1, '{"foam_composition"\:{"fresh_dairy"\:100, "coconut_milk"\:50}, "foam_time"\:25}');
INSERT INTO "composition"("formula", "cup", "material", "count", "extra") VALUES ('Hot Thick Coconut Latte', 'Medium Cup', 'hot_cup', 1, '');
INSERT INTO "composition"("formula", "cup", "material", "count", "extra") VALUES ('Iced Cappuccino', 'Medium Cup', 'cold_cup', 1, '');
INSERT INTO "composition"("formula", "cup", "material", "count", "extra") VALUES ('Iced Cappuccino', 'Medium Cup', 'espresso', 60, '');
INSERT INTO "composition"("formula", "cup", "material", "count", "extra") VALUES ('Iced Cappuccino', 'Medium Cup', 'foam', 1, '{"foam_composition"\:{"fresh_dairy"\:115}, "foam_time"\:30}');
INSERT INTO "composition"("formula", "cup", "material", "count", "extra") VALUES ('Iced Cappuccino', 'Medium Cup', 'ice', 30, '');
INSERT INTO "composition"("formula", "cup", "material", "count", "extra") VALUES ('Iced Matcha Latte', 'Medium Cup', 'cold_cup', 1, '');
INSERT INTO "composition"("formula", "cup", "material", "count", "extra") VALUES ('Iced Matcha Latte', 'Medium Cup', 'ice', 30, '');
INSERT INTO "composition"("formula", "cup", "material", "count", "extra") VALUES ('Iced Matcha Latte', 'Medium Cup', 'foam', 1, '{"foam_composition"\:{"fresh_dairy"\:50, "green_tea_syrup"\:200}, "foam_time"\:25}');
INSERT INTO "composition"("formula", "cup", "material", "count", "extra") VALUES ('Iced Matcha Latte', 'Medium Cup', 'hot_milk', 320, '');
INSERT INTO "composition"("formula", "cup", "material", "count", "extra") VALUES ('Espresso Double', 'Medium Cup', 'espresso', 45, '');
INSERT INTO "composition"("formula", "cup", "material", "count", "extra") VALUES ('Espresso Double', 'Medium Cup', 'hot_cup', 1, '');

-- IPO Formulas --
INSERT INTO "composition"("formula", "cup", "material", "count", "extra") VALUES ('Paper plane with sugar rim', 'Medium Cup', 'cold_cup', 1, '');
INSERT INTO "composition"("formula", "cup", "material", "count", "extra") VALUES ('Cosmopolitan', 'Medium Cup', 'cold_cup', 1, '');
INSERT INTO "composition"("formula", "cup", "material", "count", "extra") VALUES ('Cranberry whiskey sour with sugar rim', 'Medium Cup', 'cold_cup', 1, '');
INSERT INTO "composition"("formula", "cup", "material", "count", "extra") VALUES ('Vodka screwdriver', 'Medium Cup', 'cold_cup', 1, '');
INSERT INTO "composition"("formula", "cup", "material", "count", "extra") VALUES ('Orange juice', 'Medium Cup', 'cold_cup', 1, '');
INSERT INTO "composition"("formula", "cup", "material", "count", "extra") VALUES ('Cranberry juice', 'Medium Cup', 'cold_cup', 1, '');
INSERT INTO "composition"("formula", "cup", "material", "count", "extra") VALUES ('Beer A', 'Medium Cup', 'cold_cup', 1, '');
INSERT INTO "composition"("formula", "cup", "material", "count", "extra") VALUES ('Beer B', 'Medium Cup', 'cold_cup', 1, '');
INSERT INTO "composition"("formula", "cup", "material", "count", "extra") VALUES ('Double Beer', 'Medium Cup', 'cold_cup', 1, '');
INSERT INTO "composition"("formula", "cup", "material", "count", "extra") VALUES ('Double Beer A', 'Medium Cup', 'cold_cup', 1, '');
INSERT INTO "composition"("formula", "cup", "material", "count", "extra") VALUES ('Double Beer B', 'Medium Cup', 'cold_cup', 1, '');

-- table espresso --
INSERT INTO "espresso"("formula", "drink_type", "coffee", "coffee_temp", "coffee_concentration", "water", "water_temp", "milk_time", "foam_time", "precook", "enhance", "together", "order") VALUES ('Latte', 6, 200, 2, 1, 0, 0, 10, 0, 1, 0, 0, 0);
INSERT INTO "espresso"("formula", "drink_type", "coffee", "coffee_temp", "coffee_concentration", "water", "water_temp", "milk_time", "foam_time", "precook", "enhance", "together", "order") VALUES ('Iced Latte', 1, 120, 2, 1, 0, 0, 0, 0, 0, 0, 0, 1);
INSERT INTO "espresso"("formula", "drink_type", "coffee", "coffee_temp", "coffee_concentration", "water", "water_temp", "milk_time", "foam_time", "precook", "enhance", "together", "order") VALUES ('Espresso', 1, 45, 2, 1, 0, 0, 0, 0, 0, 0, 0, 1);
INSERT INTO "espresso"("formula", "drink_type", "coffee", "coffee_temp", "coffee_concentration", "water", "water_temp", "milk_time", "foam_time", "precook", "enhance", "together", "order") VALUES ('Americano', 2, 240, 2, 1, 150, 0, 0, 0, 0, 0, 0, 1);
INSERT INTO "espresso"("formula", "drink_type", "coffee", "coffee_temp", "coffee_concentration", "water", "water_temp", "milk_time", "foam_time", "precook", "enhance", "together", "order") VALUES ('Iced Americano', 2, 160, 2, 1, 70, 0, 0, 0, 0, 0, 0, 1);
INSERT INTO "espresso"("formula", "drink_type", "coffee", "coffee_temp", "coffee_concentration", "water", "water_temp", "milk_time", "foam_time", "precook", "enhance", "together", "order") VALUES ('Cappuccino', 1, 240, 2, 1, 0, 0, 0, 0, 0, 0, 0, 1);
INSERT INTO "espresso"("formula", "drink_type", "coffee", "coffee_temp", "coffee_concentration", "water", "water_temp", "milk_time", "foam_time", "precook", "enhance", "together", "order") VALUES ('Hot Milk', 7, 0, 0, 0, 0, 0, 90, 0, 0, 0, 0, 0);
INSERT INTO "espresso"("formula", "drink_type", "coffee", "coffee_temp", "coffee_concentration", "water", "water_temp", "milk_time", "foam_time", "precook", "enhance", "together", "order") VALUES ('Matcha Latte', 7, 0, 0, 0, 0, 0, 30, 0, 0, 0, 0, 0);
INSERT INTO "espresso"("formula", "drink_type", "coffee", "coffee_temp", "coffee_concentration", "water", "water_temp", "milk_time", "foam_time", "precook", "enhance", "together", "order") VALUES ('Hot Water', 3, 0, 0, 0, 350, 2, 0, 0, 0, 0, 0, 0);
INSERT INTO "espresso"("formula", "drink_type", "coffee", "coffee_temp", "coffee_concentration", "water", "water_temp", "milk_time", "foam_time", "precook", "enhance", "together", "order") VALUES ('Raw Coconut Latte', 1, 90, 2, 1, 0, 0, 0, 0, 0, 0, 0, 1);
INSERT INTO "espresso"("formula", "drink_type", "coffee", "coffee_temp", "coffee_concentration", "water", "water_temp", "milk_time", "foam_time", "precook", "enhance", "together", "order") VALUES ('Iced Thick Coconut Latte', 1, 90, 2, 1, 0, 0, 0, 0, 0, 0, 0, 1);
INSERT INTO "espresso"("formula", "drink_type", "coffee", "coffee_temp", "coffee_concentration", "water", "water_temp", "milk_time", "foam_time", "precook", "enhance", "together", "order") VALUES ('Hot Thick Coconut Latte', 1, 90, 2, 1, 0, 0, 0, 0, 0, 0, 0, 1);
INSERT INTO "espresso"("formula", "drink_type", "coffee", "coffee_temp", "coffee_concentration", "water", "water_temp", "milk_time", "foam_time", "precook", "enhance", "together", "order") VALUES ('Iced Cappuccino', 6, 150, 2, 2, 0, 0, 5, 0, 0, 0, 0, 1);
INSERT INTO "espresso"("formula", "drink_type", "coffee", "coffee_temp", "coffee_concentration", "water", "water_temp", "milk_time", "foam_time", "precook", "enhance", "together", "order") VALUES ('Iced Matcha Latte', 7, 0, 0, 0, 0, 0, 8, 0, 0, 0, 0, 0);
INSERT INTO "espresso"("formula", "drink_type", "coffee", "coffee_temp", "coffee_concentration", "water", "water_temp", "milk_time", "foam_time", "precook", "enhance", "together", "order") VALUES ('Espresso Double', 1, 90, 2, 2, 0, 0, 0, 0, 0, 0, 0, 1);


-- table speech_text --
INSERT INTO "speech_text"("code", "text") VALUES ('new_order', 'Wow! I got a new order.');
INSERT INTO "speech_text"("code", "text") VALUES ('new_order', 'New order is coming!');
INSERT INTO "speech_text"("code", "text") VALUES ('new_order', 'Yeah! Another order!');
INSERT INTO "speech_text"("code", "text") VALUES ('start_making', 'I''m gonna start to work.');
INSERT INTO "speech_text"("code", "text") VALUES ('start_making', 'I''m at work right now!');
INSERT INTO "speech_text"("code", "text") VALUES ('start_making', 'Time to work!');
INSERT INTO "speech_text"("code", "text") VALUES ('take_milktea', 'I''m gonna make the milk tea.');
INSERT INTO "speech_text"("code", "text") VALUES ('take_milktea', 'Milk tea will be made soon.');
INSERT INTO "speech_text"("code", "text") VALUES ('take_milktea', 'Milk tea is ready to go!');
INSERT INTO "speech_text"("code", "text") VALUES ('put_cup', 'Here are your drinks, enjoy!');
INSERT INTO "speech_text"("code", "text") VALUES ('put_cup', 'Enjoy your drinks!');
INSERT INTO "speech_text"("code", "text") VALUES ('put_cup', 'It''s done, please enjoy!');
INSERT INTO "speech_text"("code", "text") VALUES ('order_up', 'Your order is completed, thank you for coming!');
INSERT INTO "speech_text"("code", "text") VALUES ('order_up', 'Thanks for coming! Have a nice day!');
INSERT INTO "speech_text"("code", "text") VALUES ('order_up', 'Orders are completed, welcome back again!');
INSERT INTO "speech_text"("code", "text") VALUES ('fail', 'Oops! Something Went Wrong!');
INSERT INTO "speech_text"("code", "text") VALUES ('fail', 'Oh, I got something wrong.');
INSERT INTO "speech_text"("code", "text") VALUES ('fail', 'Oh no, this is not what I wanted');
INSERT INTO "speech_text"("code", "text") VALUES ('start_dancing', 'I''m gonna dance for you.');
INSERT INTO "speech_text"("code", "text") VALUES ('start_dancing', 'Would you like to dance with me?');
INSERT INTO "speech_text"("code", "text") VALUES ('start_dancing', 'It''s show time! Come on and join me!');
INSERT INTO "speech_text"("code", "text") VALUES ('end_dancing', 'Thanks for watching!');
INSERT INTO "speech_text"("code", "text") VALUES ('end_dancing', 'The show is over. ');
INSERT INTO "speech_text"("code", "text") VALUES ('end_dancing', 'Hope my dance will make you happy');
INSERT INTO "speech_text"("code", "text") VALUES ('print_receipt', 'Here is your receipt, please take it.');
INSERT INTO "speech_text"("code", "text") VALUES ('print_receipt', 'Printing the bill');
INSERT INTO "speech_text"("code", "text") VALUES ('print_receipt', 'Here is your bill, please keep it.');


-- table tap_status --
INSERT INTO "tap_status"("material_name", "status") VALUES ('sea_salt_foam', 0);
INSERT INTO "tap_status"("material_name", "status") VALUES ('coconut_water', 0);
INSERT INTO "tap_status"("material_name", "status") VALUES ('coconut_milk', 0);
INSERT INTO "tap_status"("material_name", "status") VALUES ('vanilla_cream', 0);
INSERT INTO "tap_status"("material_name", "status") VALUES ('fresh_dairy', 0);
INSERT INTO "tap_status"("material_name", "status") VALUES ('chocolate_syrup', 0);
INSERT INTO "tap_status"("material_name", "status") VALUES ('green_tea_syrup', 0);
INSERT INTO "tap_status"("material_name", "status") VALUES ('cold_coffee', 0);
INSERT INTO "tap_status"("material_name", "status") VALUES ('vanilla_syrup', 0);


-- ct 11-15
-- material_current
INSERT INTO "material_current"("name", "display",  "capacity", "alarm", "left", "count", "unit", "batch", "type", "in_use", "machine", "extra") VALUES ('red_cup', 'Red Wine Cup', 500, 2, '500', 0, 'pcs', 1, 'cup', 1, 'cup', NULL);
INSERT INTO "material_current"("name", "display",  "capacity", "alarm", "left", "count", "unit", "batch", "type", "in_use", "machine", "extra") VALUES ('white_cup', 'White Wine Cup', 500, 2, '500', 0, 'pcs', 1, 'cup', 1, 'cup', NULL);
INSERT INTO "material_current"("name", "display",  "capacity", "alarm", "left", "count", "unit", "batch", "type", "in_use", "machine", "extra") VALUES ('La Crema Pinot Noir Monterey', '', 9999, 0, '9999', 0, 'ml', 0, 'endless', 1, '', NULL);
INSERT INTO "material_current"("name", "display",  "capacity", "alarm", "left", "count", "unit", "batch", "type", "in_use", "machine", "extra") VALUES ('Kim Crawford Sauvignon Blanc', '', 9999, 0, '9999', 0, 'ml', 0, 'endless', 1, '', NULL);
-- machine_config
INSERT INTO "machine_config"("name", "machine", "num", "gpio", "arduino_write", "arduino_read", "speed", "delay_time", "type") VALUES ('red_cup', 'cup', 0, NULL, NULL, '7', NULL, NULL, NULL);
INSERT INTO "machine_config"("name", "machine", "num", "gpio", "arduino_write", "arduino_read", "speed", "delay_time", "type") VALUES ('white_cup', 'cup', 1, NULL, NULL, '7', NULL, NULL, NULL);
-- formula
INSERT INTO "formula"("name", "cup", "with_ice", "type", "in_use") VALUES ('La Crema Pinot Noir Monterey', 'Medium Cup', '0', 'red', 1);
INSERT INTO "formula"("name", "cup", "with_ice", "type", "in_use") VALUES ('Kim Crawford Sauvignon Blanc', 'Medium Cup', '0', 'white', 1);
-- composition
INSERT INTO "composition"("formula", "cup", "material", "count", "extra") VALUES ('La Crema Pinot Noir Monterey', 'Medium Cup', 'La Crema Pinot Noir Monterey', 10, '');
INSERT INTO "composition"("formula", "cup", "material", "count", "extra") VALUES ('La Crema Pinot Noir Monterey', 'Medium Cup', 'red_cup', 1, '');
INSERT INTO "composition"("formula", "cup", "material", "count", "extra") VALUES ('Kim Crawford Sauvignon Blanc', 'Medium Cup', 'Kim Crawford Sauvignon Blanc', 12, '');
INSERT INTO "composition"("formula", "cup", "material", "count", "extra") VALUES ('Kim Crawford Sauvignon Blanc', 'Medium Cup', 'white_cup', 1, '');
